title,price
ЖИЛЕТКА СВЕТЛООТРЖ.ЗЕЛЕНА,"5,29 лв."
ЖИЛЕТКА СВЕТЛООТРЖ.ОРАНЖЕ...,"5,29 лв."
ТРОМБА,"7,99 лв."
БАГАЖНИК ВЕЛОСИПЕД 2-3БР,
БАГАЖНИК ВЕЛОСИПЕД 1БР,
СВЕТЛООТРАЗИТЕЛНА ЖИЛЕТКА,"4,99 лв."
ЗАКАЧАЛКА ЗА ВЕЛОСИПЕД,"5,99 лв."
СТОП 5LED ЧЕРВЕНА ВЕЛО B0...,"9,99 лв."
ФАР 3LED БЯЛА ВЕЛО F02,"10,99 лв."
СТОП 3LED ЧЕРВЕНА ВЕЛО B0...,"10,99 лв."
ЛЕПЕНКИ ЗА БЪРЗО ЗАЛЕПВАН...,"5,99 лв."
ВЪТРЕШНА ГУМА 20X1.5-2.12...,"5,59 лв."
МИНИ ПОМПА С ДВОЕН ХОД,"11,99 лв."
ВЪТРЕШНА ГУМА 26X1.5-2.12...,"5,59 лв."
КАСКА ЗА КОЛЕЛО BLUE S/M ...,"43,99 лв."
ВЪТРЕШНА ГУМА 28X1.5-2.12...,"5,59 лв."
КАСКА ЗА КОЛЕЛО BLUE L/XL...,"43,99 лв."
ЗАКЛЮЧВАЩО УСТРОЙСТВО 100...,"19,99 лв."
СПИРАЛ. ЗАКЛ. УСТРОЙСТВО ...,"8,99 лв."
ЗАКЛЮЧВАЩО УСТРОЙСТВО 120...,"15,99 лв."
СПИРАЛ. ЗАКЛЮЧ. У-ВО 80СМ...,"9,99 лв."
ВЪТРЕШНА ГУМА 24X1.5-2.12...,"5,59 лв."
НАКЛАДКИ ЗА СПИРАЧКИ STAN...,"3,59 лв."
АДАПТЕРИ ЗА ПОМПА 4 БР. F...,"3,49 лв."
УНИВЕРСАЛНО ЖИЛО ЗА СПИРА...,"3,59 лв."
УНИВЕРСАЛНО ЖИЛО ЗА СКОРО...,"2,59 лв."
РЕФЛЕКТОР ЗАДЕН ЗА БАГАЖН...,"2,59 лв."
РЕФЛЕКТОРИ ЗА СПИЦИ FISHE...,"3,79 лв."
РЕФЛЕКТОР ПРЕДЕН FISHER,"3,79 лв."
НАКЛАДКИ КЕРАМИЧНИ V-BRAK...,"5,99 лв."
ТРОМБА ХРОМИРАНА FISHER,"6,69 лв."
ЗВЪНЕЦ ФУТБОЛ,"4,99 лв."
КОШНИЦА ЗА КОЛЕЛО 5 КГ,"23,99 лв."
КОМПЮТЪР ЗА КОЛЕЛО TREND ...,"21,99 лв."
ОБТЕГАЧ ЗА СЕДАЛКА FISHER...,"4,99 лв."
ЗВЪНЕЦ ЗА КОЛЕЛО FISHER,"2,49 лв."
ЗВЪНЕЦ FISHER ЧЕРЕН АЛУМИ...,"5,29 лв."
ОГЛЕДАЛО ЗА ОБРАТНО ВИЖДА...,"3,99 лв."
ДЕТСКО ШИШЕ ЗА ТЕЧНОСТИ 0...,"7,59 лв."
МИНИ ЗВЪНЕЦ ЗА КОЛЕЛО FIS...,"2,19 лв."
ЗВЪНЕЦ КЛАСИЧЕСКИ FISHER ...,"3,59 лв."
СТОЙКА ЗА ВЕЛОСИПЕД 20-28...,"9,99 лв."
ДЪРЖАЧ ЗА ШИШЕ FISHER АЛУ...,"5,99 лв."
СТОЙКА ЗА ВЕЛОСИПЕД 12-20...,"9,99 лв."
DUNLOP ВЕНТИЛИ FISHER,"3,29 лв."
ПОВДИГАЧИ ЗА ГУМА FISHER ...,"3,59 лв."
КОШНИЦА ЗА КОЛЕЛО FISHER,"13,99 лв."
КОШНИЦА ЗА КОЛЕЛО KIDS FI...,"9,99 лв."
КАЛНИЦИ ЗА ВЕЛОСИПЕД 24-2...,"15,99 лв."
РЪКОХВАТКИ ЗА КОЛЕЛО FISH...,"7,49 лв."
КЛЮЧ ОТ ЗАКАЛЕНА СТОМАНА ...,"5,59 лв."
ЗАДЕН РЕФЛЕКТОР УНИВЕРСАЛ...,"3,99 лв."
ДЪРЖАЧ ЗА ПОМПИ FISHER УН...,"4,49 лв."
SELLEROYAL ДЕТСКА СЕДАЛКА...,"27,99 лв."
КЛЮЧ ЗА ЗАТЯГАНЕ НА СПИЦИ...,"3,79 лв."
